26865	http://dbpedia.org/resource/Category:Films_scored_by_Mark_Mancina
26866	http://dbpedia.org/resource/Category:1995_action_comedy_films
26867	http://dbpedia.org/resource/Category:African-American_comedy_films
26868	http://dbpedia.org/resource/Category:American_buddy_comedy_films
26869	http://dbpedia.org/resource/Category:American_crime_comedy_films
26870	http://dbpedia.org/resource/Category:Films_produced_by_Jon_Peters
26871	http://dbpedia.org/resource/Category:1990s_crime_comedy_films
26872	http://dbpedia.org/resource/Category:1990s_heist_films
26873	http://dbpedia.org/resource/Category:American_heist_films
26874	http://dbpedia.org/resource/Category:American_police_detective_films
26875	http://dbpedia.org/resource/Category:Films_set_around_New_Year
26876	http://dbpedia.org/resource/Category:Films_with_screenplays_by_David_Loughery
26877	http://dbpedia.org/resource/Category:1995_action_films
26878	http://dbpedia.org/resource/Category:1990s_buddy_comedy_films
26879	http://dbpedia.org/resource/Category:1990s_buddy_cop_films
26880	http://dbpedia.org/resource/Category:1995_comedy_films
26881	http://dbpedia.org/resource/Category:American_buddy_cop_films
26882	http://dbpedia.org/resource/Robert_Blake_(actor)
26883	http://dbpedia.org/resource/Category:1990s_English-language_films
26884	http://dbpedia.org/resource/Category:1990s_chase_films
26885	http://dbpedia.org/resource/Category:1995_action_thriller_films
26886	http://dbpedia.org/resource/Category:American_chase_films
26887	http://dbpedia.org/resource/Category:Films_produced_by_Joel_Silver
26888	http://dbpedia.org/resource/Category:Films_set_in_Seattle
26889	http://dbpedia.org/resource/Category:Films_with_screenplays_by_The_Wachowskis
26890	http://dbpedia.org/resource/Category:Films_shot_in_Portland,_Oregon
26891	http://dbpedia.org/resource/Category:Films_with_screenplays_by_Brian_Helgeland
26892	http://dbpedia.org/resource/Category:Films_set_in_Puerto_Rico
26893	http://dbpedia.org/resource/Category:Day_of_the_Dead_films
26894	http://dbpedia.org/resource/Category:1995_independent_films
26895	http://dbpedia.org/resource/Category:Films_with_screenplays_by_Ronald_Harwood
26896	http://dbpedia.org/resource/Category:1995_crime_drama_films
26897	http://dbpedia.org/resource/Category:Films_scored_by_John_Barry_(composer)
26898	http://dbpedia.org/resource/Category:South_African_crime_drama_films
26899	http://dbpedia.org/resource/Category:Films_based_on_South_African_novels
26900	http://dbpedia.org/resource/Category:South_African_independent_films
26901	http://dbpedia.org/resource/Paul_Gilpin
26902	http://dbpedia.org/resource/David_Heitner
26903	http://dbpedia.org/resource/Harry_Alan_Towers
26904	http://dbpedia.org/resource/Joshua_Sinclair
26905	http://dbpedia.org/resource/Alan_Paton
26906	http://dbpedia.org/resource/Category:Films_about_the_Federal_Bureau_of_Investigation
26907	http://dbpedia.org/resource/Category:1996_romantic_comedy_films
26908	http://dbpedia.org/resource/Category:Films_scored_by_Nick_Glennie-Smith
26909	http://dbpedia.org/resource/Category:Films_about_theft
26910	http://dbpedia.org/resource/Category:Films_directed_by_Bill_Bennett
26911	http://dbpedia.org/resource/Bill_Bennett_(director)
26912	http://dbpedia.org/resource/Bruce_Green
26913	http://dbpedia.org/resource/Morgan_Creek_Entertainment
26914	http://dbpedia.org/resource/Category:1996_directorial_debut_films
26915	http://dbpedia.org/resource/Eric_Schaeffer
26916	http://dbpedia.org/resource/Tony_Spiridakis
26917	http://dbpedia.org/resource/Category:Peabody_Award-winning_broadcasts
26918	http://dbpedia.org/resource/Category:1992_in_Christianity
26919	http://dbpedia.org/resource/Category:Roman_Catholic_Ecclesiastical_Province_of_St._John's,_Newfoundland
26920	http://dbpedia.org/resource/Category:Media_coverage_of_Catholic_Church_sexual_abuse_scandals
26921	http://dbpedia.org/resource/Category:History_of_St._John's,_Newfoundland_and_Labrador
26922	http://dbpedia.org/resource/Category:Films_set_in_Newfoundland_and_Labrador
26923	http://dbpedia.org/resource/Category:CBC_Television_original_films
26924	http://dbpedia.org/resource/Category:Canadian_television_docudramas
26925	http://dbpedia.org/resource/Category:Catholic_Church_sexual_abuse_scandals_in_Canada
26926	http://dbpedia.org/resource/Category:1990s_Canadian_television_miniseries
26927	http://dbpedia.org/resource/Category:National_Film_Board_of_Canada_films
26928	http://dbpedia.org/resource/Category:Gemini_and_Canadian_Screen_Award_for_Best_Television_Film_or_Miniseries_winners
26929	http://dbpedia.org/resource/Category:Films_scored_by_Michael_Convertino
26930	http://dbpedia.org/resource/Bernd_Heinl
26931	http://dbpedia.org/resource/Bryan_Gordon
26932	http://dbpedia.org/resource/Colleen_Halsey
26933	http://dbpedia.org/resource/Allan_Mindel
26934	http://dbpedia.org/resource/Category:1995_LGBT-related_films
26935	http://dbpedia.org/resource/Category:Films_directed_by_Dirk_Shafer
26936	http://dbpedia.org/resource/Category:HIV/AIDS_in_American_films
26937	http://dbpedia.org/resource/Category:1990s_mockumentary_films
26938	http://dbpedia.org/resource/Category:American_mockumentary_films
26939	http://dbpedia.org/resource/Stephen_Timberlake
26940	http://dbpedia.org/resource/Dirk_Shafer
26941	http://dbpedia.org/resource/Barry_S._Silver
26942	http://dbpedia.org/resource/Ken_Solomon
26943	http://dbpedia.org/resource/Peitor_Angell
26944	http://dbpedia.org/resource/Barry_Stich
26945	http://dbpedia.org/resource/Matt_Keener
26946	http://dbpedia.org/resource/Michael_Marisi_Ornstein
26947	http://dbpedia.org/resource/Category:The_Samuel_Goldwyn_Company_films
26948	http://dbpedia.org/resource/Category:American_films_based_on_plays
26949	http://dbpedia.org/resource/Category:1990s_black_comedy_films
26950	http://dbpedia.org/resource/Category:Films_directed_by_Norman_René
26951	http://dbpedia.org/resource/Norman_René
26952	http://dbpedia.org/resource/Craig_Lucas
26953	http://dbpedia.org/resource/Category:1995_drama_films
26954	http://dbpedia.org/resource/Category:Films_produced_by_Clint_Eastwood
26955	http://dbpedia.org/resource/Category:Films_directed_by_James_Keach
26956	http://dbpedia.org/resource/Category:Films_produced_by_David_Valdes
26957	http://dbpedia.org/resource/David_Benoit_(musician)
26958	http://dbpedia.org/resource/Category:Films_scored_by_Graeme_Revell
26959	http://dbpedia.org/resource/Category:1995_directorial_debut_films
26960	http://dbpedia.org/resource/Category:1990s_comedy_road_movies
26961	http://dbpedia.org/resource/Category:American_comedy_road_movies
26962	http://dbpedia.org/resource/Category:Cross-dressing_in_American_films
26963	http://dbpedia.org/resource/Category:Films_set_in_fictional_populated_places
26964	http://dbpedia.org/resource/Category:LGBT-related_buddy_films
26965	http://dbpedia.org/resource/Category:Films_scored_by_Rachel_Portman
26966	http://dbpedia.org/resource/Category:Drag_(clothing)-related_films
26967	http://dbpedia.org/resource/Douglas_Carter_Beane
26968	http://dbpedia.org/resource/Category:1995_documentary_films
26969	http://dbpedia.org/resource/Category:Documentary_films_about_fashion_designers
26970	http://dbpedia.org/resource/Category:Works_about_the_fashion_industry
26971	http://dbpedia.org/resource/Douglas_Keeve
26972	http://dbpedia.org/resource/Paula_Heredia
26973	http://dbpedia.org/resource/Mark_Ambrosino
26974	http://dbpedia.org/resource/Cindy_Crawford
26975	http://dbpedia.org/resource/Kate_Moss
26976	http://dbpedia.org/resource/Linda_Evangelista
26977	http://dbpedia.org/resource/Isaac_Mizrahi
26978	http://dbpedia.org/resource/Category:1994_drama_films
26979	http://dbpedia.org/resource/Category:Films_scored_by_George_Fenton
26980	http://dbpedia.org/resource/Jonathan_Morris_(film_editor)
26981	http://dbpedia.org/resource/Sally_Hibbin
26982	http://dbpedia.org/resource/Neville_Cawas_Bardoliwalla
26983	http://dbpedia.org/resource/Crissy_Rock
26984	http://dbpedia.org/resource/Vladimir_Vega
26985	http://dbpedia.org/resource/Rona_Munro
26986	http://dbpedia.org/resource/Category:Films_about_sisters
26987	http://dbpedia.org/resource/Category:1992_drama_films
26988	http://dbpedia.org/resource/Category:Best_Picture_Ariel_Award_winners
26989	http://dbpedia.org/resource/Category:Films_based_on_Mexican_novels
26990	http://dbpedia.org/resource/Steven_Bernstein_(filmmaker)
26991	http://dbpedia.org/resource/Leo_Brouwer
26992	http://dbpedia.org/resource/Regina_Torné
26993	http://dbpedia.org/resource/Marco_Leonardi
26994	http://dbpedia.org/resource/Mario_Iván_Martínez
26995	http://dbpedia.org/resource/Lumi_Cavazos
26996	http://dbpedia.org/resource/Ada_Carrasco
26997	http://dbpedia.org/resource/Yareli_Arizmendi
26998	http://dbpedia.org/resource/Laura_Esquivel
26999	http://dbpedia.org/resource/Category:Culture_of_Newark,_New_Jersey
27000	http://dbpedia.org/resource/Category:40_Acres_and_a_Mule_Filmworks_films
27001	http://dbpedia.org/resource/Bob_Gosse
27002	http://dbpedia.org/resource/Category:Films_directed_by_He_Ping
27003	http://dbpedia.org/resource/Category:Films_based_on_Chinese_novels
27004	http://dbpedia.org/resource/He_Ping_(director)
27005	http://dbpedia.org/resource/Category:1993_drama_films
27006	http://dbpedia.org/resource/Category:American_neo-noir_films
27007	http://dbpedia.org/resource/Category:American_black-and-white_films
27008	http://dbpedia.org/resource/David_Siegel_(screenwriter)
27009	http://dbpedia.org/resource/Scott_McGehee
27010	http://dbpedia.org/resource/Category:Films_directed_by_Mina_Shum
27011	http://dbpedia.org/resource/Mina_Shum
27012	http://dbpedia.org/resource/Shadowy_Men_on_a_Shadowy_Planet
27013	http://dbpedia.org/resource/Stephen_Hegyes
27014	http://dbpedia.org/resource/Category:1990s_road_movies
27015	http://dbpedia.org/resource/Category:Films_set_in_the_Outback
27016	http://dbpedia.org/resource/Category:Films_shot_in_the_Northern_Territory
27017	http://dbpedia.org/resource/Category:1994_LGBT-related_films
27018	http://dbpedia.org/resource/Category:1994_independent_films
27019	http://dbpedia.org/resource/Category:Films_about_trans_women
27020	http://dbpedia.org/resource/Category:Films_adapted_into_plays
27021	http://dbpedia.org/resource/Category:1990s_buddy_films
27022	http://dbpedia.org/resource/Category:Australian_road_movies
27023	http://dbpedia.org/resource/Category:Films_set_in_deserts
27024	http://dbpedia.org/resource/Category:Films_shot_in_South_Australia
27025	http://dbpedia.org/resource/Category:Films_shot_in_New_South_Wales
27026	http://dbpedia.org/resource/Category:Australian_buddy_films
27027	http://dbpedia.org/resource/Category:Films_scored_by_Guy_Gross
27028	http://dbpedia.org/resource/Guy_Gross
27029	http://dbpedia.org/resource/Category:Films_produced_by_Jean_Doumanian
27030	http://dbpedia.org/resource/Category:1994_comedy_films
27031	http://dbpedia.org/resource/Category:Films_featuring_a_Best_Supporting_Actress_Academy_Award-winning_performance
27032	http://dbpedia.org/resource/Category:Films_featuring_a_Best_Supporting_Actress_Golden_Globe-winning_performance
27033	http://dbpedia.org/resource/Category:Films_produced_by_Robert_Greenhut
27034	http://dbpedia.org/resource/Category:Films_with_screenplays_by_Woody_Allen
27035	http://dbpedia.org/resource/Category:Miramax_films
27036	http://dbpedia.org/resource/Category:Films_set_in_the_Roaring_Twenties
27037	http://dbpedia.org/resource/Category:Mafia_comedy_films
27038	http://dbpedia.org/resource/Category:Films_produced_by_Letty_Aronson
27039	http://dbpedia.org/resource/Category:Films_with_screenplays_by_Douglas_McGrath
27040	http://dbpedia.org/resource/Category:Child_care_occupations_in_fiction
27041	http://dbpedia.org/resource/Category:Films_directed_by_Jessie_Nelson
27042	http://dbpedia.org/resource/Category:1994_romantic_drama_films
27043	http://dbpedia.org/resource/Category:Films_set_in_Los_Angeles
27044	http://dbpedia.org/resource/Category:1994_directorial_debut_films
27045	http://dbpedia.org/resource/Category:Father_and_daughter_films
27046	http://dbpedia.org/resource/Category:Films_about_nannies
27047	http://dbpedia.org/resource/Jessie_Nelson
27048	http://dbpedia.org/resource/Category:2001_animated_films
27049	http://dbpedia.org/resource/Category:2001_television_films
27050	http://dbpedia.org/resource/Category:Cartoon_Network_original_programming
27051	http://dbpedia.org/resource/Category:Television_films_based_on_television_series
27052	http://dbpedia.org/resource/Category:American_children's_animated_comedy_films
27053	http://dbpedia.org/resource/Category:Animated_films_based_on_animated_series
27054	http://dbpedia.org/resource/Category:Films_directed_by_Chris_Savino
27055	http://dbpedia.org/resource/Category:Cartoon_Network_television_films
27056	http://dbpedia.org/resource/Category:Films_produced_by_Genndy_Tartakovsky
27057	http://dbpedia.org/resource/Category:Films_scored_by_Hoyt_Curtin
27058	http://dbpedia.org/resource/Category:Cartoon_Network_Studios_animated_films
27059	http://dbpedia.org/resource/Chris_Savino
27060	http://dbpedia.org/resource/Category:American_adventure_comedy-drama_films
27061	http://dbpedia.org/resource/Category:1990s_adventure_comedy-drama_films
27062	http://dbpedia.org/resource/Category:The_Jungle_Book_(franchise)
27063	http://dbpedia.org/resource/Category:Live-action_films_based_on_Disney's_animated_films
27064	http://dbpedia.org/resource/Category:1960s_English-language_films
27065	http://dbpedia.org/resource/Category:American_children's_adventure_films
27066	http://dbpedia.org/resource/Category:Films_produced_by_Edward_S._Feldman
27067	http://dbpedia.org/resource/Category:Films_scored_by_Basil_Poledouris
27068	http://dbpedia.org/resource/Category:Films_set_in_1887
27069	http://dbpedia.org/resource/Category:Jungle_adventure_films
27070	http://dbpedia.org/resource/Raju_Patel
27071	http://dbpedia.org/resource/Jason_Scott_Lee
27072	http://dbpedia.org/resource/Category:Films_directed_by_Suri_Krishnamma
27073	http://dbpedia.org/resource/Category:1994_comedy-drama_films
27074	http://dbpedia.org/resource/Category:LGBT-related_comedy-drama_films
27075	http://dbpedia.org/resource/Category:Irish_LGBT-related_films
27076	http://dbpedia.org/resource/Suri_Krishnamma
27077	http://dbpedia.org/resource/Barry_Devlin
27078	http://dbpedia.org/resource/Category:1960s_exploitation_films
27079	http://dbpedia.org/resource/Category:1960s_erotic_films
27080	http://dbpedia.org/resource/Category:American_road_movies
27081	http://dbpedia.org/resource/Category:American_sexploitation_films
27082	http://dbpedia.org/resource/Category:Films_about_kidnapping
27083	http://dbpedia.org/resource/Category:1965_LGBT-related_films
27084	http://dbpedia.org/resource/Category:Films_directed_by_Russ_Meyer
27085	http://dbpedia.org/resource/Category:Films_with_screenplays_by_Russ_Meyer
27086	http://dbpedia.org/resource/Category:Films_scored_by_Paul_Sawtell
27087	http://dbpedia.org/resource/Russ_Meyer
27088	http://dbpedia.org/resource/Eve_Meyer
27089	http://dbpedia.org/resource/Lori_Williams
27090	http://dbpedia.org/resource/Haji_(actress)
27091	http://dbpedia.org/resource/Tura_Satana
27092	http://dbpedia.org/resource/Susan_Bernard
27093	http://dbpedia.org/resource/Category:1990s_stop-motion_animated_films
27094	http://dbpedia.org/resource/Category:Pixilation_films
27095	http://dbpedia.org/resource/Category:Films_based_on_Tom_Thumb
27096	http://dbpedia.org/resource/Category:Australian_surfing_films
27097	http://dbpedia.org/resource/Roger_Riddell
27098	http://dbpedia.org/resource/Pat_O'Connell_(surfer)
27099	http://dbpedia.org/resource/Robert_Weaver_(surfer)
27100	http://dbpedia.org/resource/Dana_Brown
27101	http://dbpedia.org/resource/Category:2006_drama_films
27102	http://dbpedia.org/resource/Eva_Aridjis
27103	http://dbpedia.org/resource/Frank_Wood_(actor)
27104	http://dbpedia.org/resource/Ryan_Donowho
27105	http://dbpedia.org/resource/Laura_Breckenridge
27106	http://dbpedia.org/resource/Sterling_K._Brown
27107	http://dbpedia.org/resource/Category:1993_comedy_films
27108	http://dbpedia.org/resource/Category:Films_with_screenplays_by_Marc_Lawrence
27109	http://dbpedia.org/resource/Category:American_children's_comedy_films
27110	http://dbpedia.org/resource/Category:Films_produced_by_Scott_Rudin
27111	http://dbpedia.org/resource/Category:Films_scored_by_Alan_Menken
27112	http://dbpedia.org/resource/Category:Films_directed_by_James_Lapine
27113	http://dbpedia.org/resource/James_Lapine
27114	http://dbpedia.org/resource/Christina_Vidal
27115	http://dbpedia.org/resource/Category:Films_with_screenplays_by_Steve_Martin
27116	http://dbpedia.org/resource/Category:Films_scored_by_Cliff_Eidelman
27117	http://dbpedia.org/resource/Category:Films_directed_by_Gillies_MacKinnon
27118	http://dbpedia.org/resource/Category:Juries_in_fiction
27119	http://dbpedia.org/resource/Category:Films_scored_by_Terence_Blanchard
27120	http://dbpedia.org/resource/Category:American_courtroom_films
27121	http://dbpedia.org/resource/Category:Films_produced_by_Chris_Meledandri
27122	http://dbpedia.org/resource/Chris_Meledandri
27123	http://dbpedia.org/resource/Mark_Gordon_(producer)
27124	http://dbpedia.org/resource/Category:Films_directed_by_Jerry_Ciccoritti
27125	http://dbpedia.org/resource/Category:1990s_erotic_drama_films
27126	http://dbpedia.org/resource/Category:Male_bisexuality_in_film
27127	http://dbpedia.org/resource/Category:Canadian_erotic_drama_films
27128	http://dbpedia.org/resource/Category:Canadian_comedy-drama_films
27129	http://dbpedia.org/resource/Jerry_Ciccoritti
27130	http://dbpedia.org/resource/John_McCarthy_(composer)
27131	http://dbpedia.org/resource/Allan_Levine
27132	http://dbpedia.org/resource/Leslie_Hope
27133	http://dbpedia.org/resource/Tom_Walmsley
27134	http://dbpedia.org/resource/Category:Slice_of_life_films
27135	http://dbpedia.org/resource/Category:European_Film_Awards_winners_(films)
27136	http://dbpedia.org/resource/Category:Films_scored_by_Nicola_Piovani
27137	http://dbpedia.org/resource/Category:Fictional_diaries
27138	http://dbpedia.org/resource/Category:Films_directed_by_Nanni_Moretti
27139	http://dbpedia.org/resource/Giuseppe_Lanci
27140	http://dbpedia.org/resource/Nanni_Moretti
27141	http://dbpedia.org/resource/Renato_Carpentieri
27142	http://dbpedia.org/resource/Category:1994_crime_drama_films
27143	http://dbpedia.org/resource/Category:Trimark_Pictures_films
27144	http://dbpedia.org/resource/Category:1990s_crime_comedy-drama_films
27145	http://dbpedia.org/resource/Category:American_crime_comedy-drama_films
27146	http://dbpedia.org/resource/The_Reverend_Horton_Heat
27147	http://dbpedia.org/resource/Tom_Verlaine
27148	http://dbpedia.org/resource/Darin_Scott
27149	http://dbpedia.org/resource/Category:Films_produced_by_John_Davis
27150	http://dbpedia.org/resource/Category:1996_comedy_films
27151	http://dbpedia.org/resource/Hal_Salwen
27152	http://dbpedia.org/resource/J._Todd_Harris
27153	http://dbpedia.org/resource/Dana_Wheeler-Nicholson
27154	http://dbpedia.org/resource/Aida_Turturro
27155	http://dbpedia.org/resource/Jean-Claude_La_Marre
27156	http://dbpedia.org/resource/Mark_Blum
27157	http://dbpedia.org/resource/Category:Films_shot_at_Pinewood_Studios
27158	http://dbpedia.org/resource/Category:1995_romantic_comedy_films
27159	http://dbpedia.org/resource/Tim_Sullivan_(British_filmmaker)
27160	http://dbpedia.org/resource/Pippa_Cross
27161	http://dbpedia.org/resource/Category:1990s_historical_romance_films
27162	http://dbpedia.org/resource/Category:Films_based_on_historical_novels
27163	http://dbpedia.org/resource/Category:Spelling_Films_films
27164	http://dbpedia.org/resource/Category:American_historical_drama_films
27165	http://dbpedia.org/resource/Category:1990s_historical_drama_films
27166	http://dbpedia.org/resource/Category:1996_romantic_drama_films
27167	http://dbpedia.org/resource/Category:American_historical_romance_films
27168	http://dbpedia.org/resource/Category:Wolfgang_Amadeus_Mozart_in_fiction
27169	http://dbpedia.org/resource/Category:Australian_films_based_on_plays
27170	http://dbpedia.org/resource/Category:Films_based_on_Così_fan_tutte
27171	http://dbpedia.org/resource/Category:Films_directed_by_Mark_Joffe
27172	http://dbpedia.org/resource/Mark_Joffe
27173	http://dbpedia.org/resource/Category:German_black-and-white_films
27174	http://dbpedia.org/resource/Category:Films_directed_by_the_Brothers_Quay
27175	http://dbpedia.org/resource/Nick_Knowland
27176	http://dbpedia.org/resource/Brothers_Quay
27177	http://dbpedia.org/resource/Larry_Sider
27178	http://dbpedia.org/resource/Lech_Jankowski
27179	http://dbpedia.org/resource/Janine_Marmot
27180	http://dbpedia.org/resource/Keith_Griffiths_(filmmaker)
27181	http://dbpedia.org/resource/Mark_Rylance
27182	http://dbpedia.org/resource/Gottfried_John
27183	http://dbpedia.org/resource/Alan_Passes
27184	http://dbpedia.org/resource/Category:Actors_from_Waukegan,_Illinois
27185	http://dbpedia.org/resource/Category:20th-century_American_male_musicians
27186	http://dbpedia.org/resource/Category:20th-century_violinists
27187	http://dbpedia.org/resource/Category:American_male_comedy_actors
27188	http://dbpedia.org/resource/Category:American_male_radio_actors
27189	http://dbpedia.org/resource/Category:American_male_violinists
27190	http://dbpedia.org/resource/Category:American_people_of_Lithuanian-Jewish_descent
27191	http://dbpedia.org/resource/Category:American_radio_personalities
27192	http://dbpedia.org/resource/Category:Burials_at_Hillside_Memorial_Park_Cemetery
27193	http://dbpedia.org/resource/Category:Comedians_from_Illinois
27194	http://dbpedia.org/resource/Category:Deaths_from_pancreatic_cancer
27195	http://dbpedia.org/resource/Category:Male_actors_from_Chicago
27196	http://dbpedia.org/resource/Category:Outstanding_Performance_by_a_Lead_Actor_in_a_Comedy_Series_Primetime_Emmy_Award_winners
27197	http://dbpedia.org/resource/Category:Peabody_Award_winners
27198	http://dbpedia.org/resource/Category:United_States_Navy_personnel_of_World_War_I
27199	http://dbpedia.org/resource/Category:Vaudeville_performers
27200	http://dbpedia.org/resource/Category:1894_births
27201	http://dbpedia.org/resource/Category:1974_deaths
27202	http://dbpedia.org/resource/Category:20th-century_American_Jews
27203	http://dbpedia.org/resource/Category:20th-century_American_comedians
27204	http://dbpedia.org/resource/Category:20th-century_American_male_actors
27205	http://dbpedia.org/resource/Category:20th-century_American_musicians
27206	http://dbpedia.org/resource/Category:American_male_film_actors
27207	http://dbpedia.org/resource/Category:American_male_television_actors
27208	http://dbpedia.org/resource/Category:American_people_of_Polish-Jewish_descent
27209	http://dbpedia.org/resource/Category:American_stand-up_comedians
27210	http://dbpedia.org/resource/Category:Comedians_from_California
27211	http://dbpedia.org/resource/Category:Deaths_from_cancer_in_California
27212	http://dbpedia.org/resource/Category:Jewish_American_comedians
27213	http://dbpedia.org/resource/Category:Jewish_American_male_actors
27214	http://dbpedia.org/resource/Category:People_from_Bel_Air,_Los_Angeles
27215	http://dbpedia.org/resource/Category:American_violinists
27216	http://dbpedia.org/resource/Category:Golden_Globe_Award_winners
27217	http://dbpedia.org/resource/Category:Television_personalities_from_Los_Angeles
27218	http://dbpedia.org/resource/Category:Films_scored_by_Patrick_Williams
27219	http://dbpedia.org/resource/Category:Films_shot_in_Alabama
27220	http://dbpedia.org/resource/Category:Films_based_on_works_by_Truman_Capote
27221	http://dbpedia.org/resource/Category:1995_comedy-drama_films
27222	http://dbpedia.org/resource/Charles_Matthau
27223	http://dbpedia.org/resource/Nell_Carter
27224	http://dbpedia.org/resource/Category:1997_directorial_debut_films
27225	http://dbpedia.org/resource/Category:Films_scored_by_Miles_Goodman
27226	http://dbpedia.org/resource/Category:1997_romantic_comedy_films
27227	http://dbpedia.org/resource/Category:Films_produced_by_Tom_Rosenberg
27228	http://dbpedia.org/resource/Scott_Winant
27229	http://dbpedia.org/resource/Winnie_Holzman
27230	http://dbpedia.org/resource/Category:Films_set_in_Atlanta
27231	http://dbpedia.org/resource/Category:American_buddy_films
27232	http://dbpedia.org/resource/Category:Films_shot_in_Atlanta
27233	http://dbpedia.org/resource/Category:United_States_Marshals_Service_in_fiction
27234	http://dbpedia.org/resource/Frank_Mancuso_Jr.
27235	http://dbpedia.org/resource/Category:Films_directed_by_Yan_Frid
27236	http://dbpedia.org/resource/Category:1955_comedy_films
27237	http://dbpedia.org/resource/Category:Films_based_on_Twelfth_Night
27238	http://dbpedia.org/resource/Category:Russian_comedy_films
27239	http://dbpedia.org/resource/Category:Soviet_comedy_films
27240	http://dbpedia.org/resource/Yan_Frid
27241	http://dbpedia.org/resource/Aleksey_Zhivotov
27242	http://dbpedia.org/resource/Klara_Luchko
27243	http://dbpedia.org/resource/Alla_Larionova
27244	http://dbpedia.org/resource/Category:Films_set_in_universities_and_colleges
27245	http://dbpedia.org/resource/Category:American_pregnancy_films
27246	http://dbpedia.org/resource/Category:Films_produced_by_William_Perlberg
27247	http://dbpedia.org/resource/Category:Films_based_on_works_by_Faith_Baldwin
27248	http://dbpedia.org/resource/Category:1948_comedy-drama_films
27249	http://dbpedia.org/resource/Robert_Simpson_(film_editor)
27250	http://dbpedia.org/resource/Jeanne_Crain
27251	http://dbpedia.org/resource/Faith_Baldwin
27252	http://dbpedia.org/resource/Category:1987_romantic_comedy_films
27253	http://dbpedia.org/resource/Category:Films_scored_by_Mark_Snow
27254	http://dbpedia.org/resource/Category:NBC_network_original_films
27255	http://dbpedia.org/resource/Category:1987_television_films
27256	http://dbpedia.org/resource/Tom_Conti
27257	http://dbpedia.org/resource/Ed_Begley_Jr.
27258	http://dbpedia.org/resource/Matt_Ross_(actor)
27259	http://dbpedia.org/resource/Category:1996_independent_films
27260	http://dbpedia.org/resource/Category:Films_about_bank_robbery
27261	http://dbpedia.org/resource/Category:Crime_films_based_on_actual_events
27262	http://dbpedia.org/resource/Jean_de_Segonzac
27263	http://dbpedia.org/resource/Category:1996_LGBT-related_films
27264	http://dbpedia.org/resource/Category:1997_drama_films
27265	http://dbpedia.org/resource/Category:1996_drama_films
27266	http://dbpedia.org/resource/Category:Films_about_male_prostitution_in_the_United_States
27267	http://dbpedia.org/resource/Category:Films_produced_by_Beau_Flynn
27268	http://dbpedia.org/resource/Beau_Flynn
27269	http://dbpedia.org/resource/Terrence_Howard
27270	http://dbpedia.org/resource/Christopher_Gartin
27271	http://dbpedia.org/resource/Category:Films_based_on_works_by_P._G._Wodehouse
27272	http://dbpedia.org/resource/Category:1937_musical_comedy_films
27273	http://dbpedia.org/resource/Joseph_August
27274	http://dbpedia.org/resource/Henry_Berman
27275	http://dbpedia.org/resource/Victor_Baravalle
27276	http://dbpedia.org/resource/Gracie_Allen
27277	http://dbpedia.org/resource/P._G._Wodehouse
27278	http://dbpedia.org/resource/Ernest_Pagano
27279	http://dbpedia.org/resource/S._K._Lauren
27280	http://dbpedia.org/resource/Category:Films_based_on_works_by_Raymond_Chandler
27281	http://dbpedia.org/resource/Category:American_detective_films
27282	http://dbpedia.org/resource/Category:American_mystery_thriller_films
27283	http://dbpedia.org/resource/Category:Edgar_Award-winning_works
27284	http://dbpedia.org/resource/Category:Films_scored_by_Roy_Webb
27285	http://dbpedia.org/resource/Category:1940s_crime_thriller_films
27286	http://dbpedia.org/resource/Category:1940s_mystery_thriller_films
27287	http://dbpedia.org/resource/Dick_Powell
27288	http://dbpedia.org/resource/Anne_Shirley_(actress)
27289	http://dbpedia.org/resource/Category:Films_with_screenplays_by_Blake_Edwards
27290	http://dbpedia.org/resource/Category:NHK_original_programming
27291	http://dbpedia.org/resource/Category:Films_directed_by_Matthew_Diamond
27292	http://dbpedia.org/resource/Category:Filmed_stage_productions
27293	http://dbpedia.org/resource/Category:Television_shows_based_on_plays
27294	http://dbpedia.org/resource/Category:Gay-related_films
27295	http://dbpedia.org/resource/Category:Musicals_based_on_films
27296	http://dbpedia.org/resource/Category:Cross-dressing_in_television
27297	http://dbpedia.org/resource/Category:Films_scored_by_Henry_Mancini
27298	http://dbpedia.org/resource/Category:Television_remakes_of_films
27299	http://dbpedia.org/resource/Category:American_LGBT-related_television_shows
27300	http://dbpedia.org/resource/Category:Japanese_television_films
27301	http://dbpedia.org/resource/Matthew_Diamond
27302	http://dbpedia.org/resource/Rachel_York
27303	http://dbpedia.org/resource/Category:Films_set_in_restaurants
27304	http://dbpedia.org/resource/Category:1989_romantic_drama_films
27305	http://dbpedia.org/resource/Category:1989_independent_films
27306	http://dbpedia.org/resource/Category:Films_about_violence_against_women
27307	http://dbpedia.org/resource/Category:Obscenity_controversies_in_film
27308	http://dbpedia.org/resource/Category:Films_about_cannibalism
27309	http://dbpedia.org/resource/Category:Films_scored_by_Michael_Nyman
27310	http://dbpedia.org/resource/Category:1989_crime_drama_films
27311	http://dbpedia.org/resource/Alan_Howard
27312	http://dbpedia.org/resource/Richard_Bohringer
27313	http://dbpedia.org/resource/Category:1989_directorial_debut_films
27314	http://dbpedia.org/resource/Category:Films_scored_by_Cliff_Martinez
27315	http://dbpedia.org/resource/Category:1989_drama_films
27316	http://dbpedia.org/resource/Category:Films_with_screenplays_by_Steven_Soderbergh
27317	http://dbpedia.org/resource/Category:Fictional_trios
27318	http://dbpedia.org/resource/Category:1966_Western_(genre)_films
27319	http://dbpedia.org/resource/Category:Films_produced_by_Alberto_Grimaldi
27320	http://dbpedia.org/resource/Category:Films_scored_by_Ennio_Morricone
27321	http://dbpedia.org/resource/Category:Films_set_in_1862
27322	http://dbpedia.org/resource/Category:Films_shot_in_Almería
27323	http://dbpedia.org/resource/Category:Films_with_screenplays_by_Age_&_Scarpelli
27324	http://dbpedia.org/resource/Category:Films_with_screenplays_by_Luciano_Vincenzoni
27325	http://dbpedia.org/resource/Category:Films_with_screenplays_by_Sergio_Leone
27326	http://dbpedia.org/resource/Category:Produzioni_Europee_Associati_films
27327	http://dbpedia.org/resource/Eugenio_Alabiso
27328	http://dbpedia.org/resource/Al_Mulock
27329	http://dbpedia.org/resource/Mario_Brega
27330	http://dbpedia.org/resource/Aldo_Giuffrè
27331	http://dbpedia.org/resource/Aldo_Sambrell
27332	http://dbpedia.org/resource/Antonio_Casas
27333	http://dbpedia.org/resource/Antonio_Molino_Rojo
27334	http://dbpedia.org/resource/Livio_Lorenzon
27335	http://dbpedia.org/resource/Lorenzo_Robledo
27336	http://dbpedia.org/resource/Rada_Rassimov
27337	http://dbpedia.org/resource/Enzo_Petito
27338	http://dbpedia.org/resource/Age_&_Scarpelli
27339	http://dbpedia.org/resource/Category:Works_about_women_in_war
27340	http://dbpedia.org/resource/Category:American_spy_drama_films
27341	http://dbpedia.org/resource/Category:Films_scored_by_Michael_Kamen
27342	http://dbpedia.org/resource/Category:British_spy_drama_films
27343	http://dbpedia.org/resource/Category:1984_drama_films
27344	http://dbpedia.org/resource/Category:Films_shot_in_Houston
27345	http://dbpedia.org/resource/Category:1980s_drama_road_movies
27346	http://dbpedia.org/resource/Category:Films_scored_by_Ry_Cooder
27347	http://dbpedia.org/resource/Category:Films_with_screenplays_by_Sam_Shepard
27348	http://dbpedia.org/resource/Category:German_drama_road_movies
27349	http://dbpedia.org/resource/Category:Films_produced_by_Anatole_Dauman
27350	http://dbpedia.org/resource/Category:Films_shot_in_Los_Angeles
27351	http://dbpedia.org/resource/Category:Films_whose_director_won_the_Best_Direction_BAFTA_Award
27352	http://dbpedia.org/resource/Category:1984_independent_films
27353	http://dbpedia.org/resource/Category:American_drama_road_movies
27354	http://dbpedia.org/resource/Category:English-language_German_films
27355	http://dbpedia.org/resource/Category:French_drama_road_movies
27356	http://dbpedia.org/resource/Category:Paris,_Texas
27357	http://dbpedia.org/resource/Category:Films_set_in_Houston
27358	http://dbpedia.org/resource/Aurore_Clément
27359	http://dbpedia.org/resource/Hunter_Carson
27360	http://dbpedia.org/resource/Category:Films_directed_by_Larry_Bishop
27361	http://dbpedia.org/resource/Frank_Byers
27362	http://dbpedia.org/resource/Larry_Bishop
27363	http://dbpedia.org/resource/Norman_Hollyn
27364	http://dbpedia.org/resource/Herb_Gardner
27365	http://dbpedia.org/resource/Anne_McCabe
27366	http://dbpedia.org/resource/Emily_Paine
27367	http://dbpedia.org/resource/Gerry_Mulligan
27368	http://dbpedia.org/resource/David_Sameth
27369	http://dbpedia.org/resource/John_H._Starke
27370	http://dbpedia.org/resource/John_Penotti
27371	http://dbpedia.org/resource/Boyd_Gaines
27372	http://dbpedia.org/resource/Category:1990s_supernatural_horror_films
27373	http://dbpedia.org/resource/Category:1990s_psychological_horror_films
27374	http://dbpedia.org/resource/Category:American_direct-to-video_films
27375	http://dbpedia.org/resource/Category:1990_thriller_films
27376	http://dbpedia.org/resource/Category:Religious_mystery_films
27377	http://dbpedia.org/resource/Category:Religious_thriller_films
27378	http://dbpedia.org/resource/Category:1990_independent_films
27379	http://dbpedia.org/resource/Category:Canadian_supernatural_horror_films
27380	http://dbpedia.org/resource/Category:1990s_mystery_thriller_films
27381	http://dbpedia.org/resource/Category:American_films_about_revenge
27382	http://dbpedia.org/resource/Category:American_ghost_films
27383	http://dbpedia.org/resource/Category:American_haunted_house_films
27384	http://dbpedia.org/resource/Category:American_psychological_thriller_films
27385	http://dbpedia.org/resource/Category:American_supernatural_horror_films
27386	http://dbpedia.org/resource/Category:Films_about_nightmares
27387	http://dbpedia.org/resource/Category:Patricide_in_fiction
27388	http://dbpedia.org/resource/Category:1990s_ghost_films
27389	http://dbpedia.org/resource/Category:1990s_police_films
27390	http://dbpedia.org/resource/Category:1990s_psychological_thriller_films
27391	http://dbpedia.org/resource/Category:American_horror_thriller_films
27392	http://dbpedia.org/resource/Category:American_psychological_horror_films
27393	http://dbpedia.org/resource/Category:American_supernatural_thriller_films
27394	http://dbpedia.org/resource/Category:Films_about_murder
27395	http://dbpedia.org/resource/Category:Films_about_psychic_powers
27396	http://dbpedia.org/resource/Category:Films_set_in_Long_Island
27397	http://dbpedia.org/resource/Category:Films_set_in_New_York_(state)
27398	http://dbpedia.org/resource/Category:1990s_horror_thriller_films
27399	http://dbpedia.org/resource/Category:Canadian_sequel_films
27400	http://dbpedia.org/resource/Category:Canadian_supernatural_thriller_films
27401	http://dbpedia.org/resource/Category:Canadian_horror_thriller_films
27402	http://dbpedia.org/resource/Category:Canadian_mystery_thriller_films
27403	http://dbpedia.org/resource/Category:Canadian_psychological_thriller_films
27404	http://dbpedia.org/resource/Category:Mental_illness_in_films
27405	http://dbpedia.org/resource/Category:Murder_mystery_films
27406	http://dbpedia.org/resource/Category:Mystery_horror_films
27407	http://dbpedia.org/resource/Category:Canadian_ghost_films
27408	http://dbpedia.org/resource/Category:1990s_supernatural_thriller_films
27409	http://dbpedia.org/resource/Category:Films_set_in_religious_buildings_and_structures
27410	http://dbpedia.org/resource/Category:Canadian_direct-to-video_films
27411	http://dbpedia.org/resource/Category:1990_direct-to-video_films
27412	http://dbpedia.org/resource/Category:Canadian_films_about_revenge
27413	http://dbpedia.org/resource/Category:Direct-to-video_thriller_films
27414	http://dbpedia.org/resource/Cassandra_Gava
27415	http://dbpedia.org/resource/Helen_Hughes_(actress)
27416	http://dbpedia.org/resource/Category:Films_scored_by_Van_Dyke_Parks
27417	http://dbpedia.org/resource/Category:Mother_and_daughter_films
27418	http://dbpedia.org/resource/Category:Showtime_(TV_network)_films
27419	http://dbpedia.org/resource/Category:Mother_and_son_films
27420	http://dbpedia.org/resource/Category:Films_set_in_Belfast
27421	http://dbpedia.org/resource/Category:1981_Irish_hunger_strike
27422	http://dbpedia.org/resource/Category:Films_directed_by_Terry_George
27423	http://dbpedia.org/resource/Terry_George
27424	http://dbpedia.org/resource/Aidan_Gillen
27425	http://dbpedia.org/resource/Category:1996_compilation_albums
27426	http://dbpedia.org/resource/Category:Albums_produced_by_Jon_Astley
27427	http://dbpedia.org/resource/Category:Albums_produced_by_David_Gilmour
27428	http://dbpedia.org/resource/Category:Sony_Music_albums
27429	http://dbpedia.org/resource/Category:1996_live_albums
27430	http://dbpedia.org/resource/Category:Isle_of_Wight_Festival
27431	http://dbpedia.org/resource/Category:Documentary_films_about_music_festivals
27432	http://dbpedia.org/resource/Category:Live_folk_albums
27433	http://dbpedia.org/resource/Category:Rock_compilation_albums
27434	http://dbpedia.org/resource/Category:Live_rock_albums
27435	http://dbpedia.org/resource/Category:Folk_compilation_albums
27436	http://dbpedia.org/resource/Category:Jazz_compilation_albums
27437	http://dbpedia.org/resource/Category:Films_directed_by_Murray_Lerner
27438	http://dbpedia.org/resource/Category:Live_jazz_albums
27439	http://dbpedia.org/resource/Murray_Lerner
27440	http://dbpedia.org/resource/Category:1997_comedy_films
27441	http://dbpedia.org/resource/Category:Films_scored_by_Michel_Colombier
27442	http://dbpedia.org/resource/Category:Largo_Entertainment_films
27443	http://dbpedia.org/resource/Category:Films_with_screenplays_by_Rodney_Dangerfield
27444	http://dbpedia.org/resource/Peter_Baldwin_(director)
27445	http://dbpedia.org/resource/Cindy_Williams
27446	http://dbpedia.org/resource/Michael_Weatherly
27447	http://dbpedia.org/resource/Harry_Basil
27448	http://dbpedia.org/resource/Category:Films_produced_by_Gary_Goetzman
27449	http://dbpedia.org/resource/Category:Films_scored_by_Richard_Gibbs
27450	http://dbpedia.org/resource/Category:1993_directorial_debut_films
27451	http://dbpedia.org/resource/Category:1950s_biographical_drama_films
27452	http://dbpedia.org/resource/Category:American_biographical_drama_films
27453	http://dbpedia.org/resource/Category:Cultural_depictions_of_American_men
27454	http://dbpedia.org/resource/Category:1950s_musical_drama_films
27455	http://dbpedia.org/resource/Category:1956_drama_films
27456	http://dbpedia.org/resource/Category:Benny_Goodman
27457	http://dbpedia.org/resource/Category:Cultural_depictions_of_jazz_musicians
27458	http://dbpedia.org/resource/Category:1956_directorial_debut_films
27459	http://dbpedia.org/resource/William_Daniels_(cinematographer)
27460	http://dbpedia.org/resource/Sol_Yaged
27461	http://dbpedia.org/resource/Aaron_Rosenberg
27462	http://dbpedia.org/resource/Steve_Allen
27463	http://dbpedia.org/resource/Herbert_Anderson
27464	http://dbpedia.org/resource/Dick_Winslow
27465	http://dbpedia.org/resource/Robert_F._Simon
27466	http://dbpedia.org/resource/Bertha_Gersten
27467	http://dbpedia.org/resource/Category:Films_scored_by_Fred_Mollin
27468	http://dbpedia.org/resource/Phil_Savath
27469	http://dbpedia.org/resource/Vanessa_King
27470	http://dbpedia.org/resource/Category:1997_crime_thriller_films
27471	http://dbpedia.org/resource/Category:Films_with_screenplays_by_Brad_Mirman
27472	http://dbpedia.org/resource/Category:Films_directed_by_Kiefer_Sutherland
27473	http://dbpedia.org/resource/Jude_Cole
27474	http://dbpedia.org/resource/Category:Films_with_screenplays_by_Terrence_McNally
27475	http://dbpedia.org/resource/Category:1997_LGBT-related_films
27476	http://dbpedia.org/resource/Joe_Mantello
27477	http://dbpedia.org/resource/Harold_Wheeler_(musician)
27478	http://dbpedia.org/resource/Justin_Kirk
27479	http://dbpedia.org/resource/John_Benjamin_Hickey
27480	http://dbpedia.org/resource/Randy_Becker
27481	http://dbpedia.org/resource/Stephen_Bogardus
27482	http://dbpedia.org/resource/Terrence_McNally
27483	http://dbpedia.org/resource/Category:1990s_screwball_comedy_films
27484	http://dbpedia.org/resource/Category:Films_about_lawyers
27485	http://dbpedia.org/resource/Category:Films_produced_by_Jonathan_Lynn
27486	http://dbpedia.org/resource/Jessica_Steen
27487	http://dbpedia.org/resource/Category:Films_set_in_San_Francisco
27488	http://dbpedia.org/resource/Category:1997_independent_films
27489	http://dbpedia.org/resource/Category:1997_comedy-drama_films
27490	http://dbpedia.org/resource/Finn_Taylor
27491	http://dbpedia.org/resource/Brad_Hunt_(actor)
27492	http://dbpedia.org/resource/Patrick_McGaw
27493	http://dbpedia.org/resource/Category:Films_produced_by_Christine_Vachon
27494	http://dbpedia.org/resource/Claudia_Raschke
27495	http://dbpedia.org/resource/Tony_Vitale
27496	http://dbpedia.org/resource/Craig_Chester
27497	http://dbpedia.org/resource/Nick_Scotti
27498	http://dbpedia.org/resource/Anthony_Barrile
27499	http://dbpedia.org/resource/Category:1977_action_films
27500	http://dbpedia.org/resource/Category:Films_set_in_Miami
27501	http://dbpedia.org/resource/Category:Live-action_films_based_on_manga
27502	http://dbpedia.org/resource/Category:Japanese_action_films
27503	http://dbpedia.org/resource/Category:Golgo_13
27504	http://dbpedia.org/resource/Cinema_of_Japan
27505	http://dbpedia.org/resource/Category:Films_directed_by_Errol_Morris
27506	http://dbpedia.org/resource/Category:Films_produced_by_Errol_Morris
27507	http://dbpedia.org/resource/Errol_Morris
27508	http://dbpedia.org/resource/Karen_Schmeer
27509	http://dbpedia.org/resource/Rodney_Brooks
27510	http://dbpedia.org/resource/Category:Films_scored_by_Harry_Gregson-Williams
27511	http://dbpedia.org/resource/Category:American_nonlinear_narrative_films
27512	http://dbpedia.org/resource/Category:Films_about_the_aftermath_of_the_Holocaust
27513	http://dbpedia.org/resource/Category:1990s_teen_drama_films
27514	http://dbpedia.org/resource/Category:Films_shot_in_New_York_(state)
27515	http://dbpedia.org/resource/Lee_Daniels
27516	http://dbpedia.org/resource/Paul_Karasick
27517	http://dbpedia.org/resource/Wendy_Kesselman
27518	http://dbpedia.org/resource/Category:Films_scored_by_John_Frizzell_(composer)
27519	http://dbpedia.org/resource/Category:Films_produced_by_Gordon_Carroll
27520	http://dbpedia.org/resource/Category:1990s_monster_movies
27521	http://dbpedia.org/resource/Category:American_monster_movies
27522	http://dbpedia.org/resource/Category:American_space_adventure_films
27523	http://dbpedia.org/resource/Category:Android_(robot)_films
27524	http://dbpedia.org/resource/Category:Films_with_screenplays_by_Joss_Whedon
27525	http://dbpedia.org/resource/Category:Films_about_cloning
27526	http://dbpedia.org/resource/Category:Resurrection_in_film
27527	http://dbpedia.org/resource/Category:1990s_pregnancy_films
27528	http://dbpedia.org/resource/Category:1997_action_films
27529	http://dbpedia.org/resource/Category:Brandywine_Productions_films
27530	http://dbpedia.org/resource/Category:Films_produced_by_Walter_Hill
27531	http://dbpedia.org/resource/Hervé_Schneid
27532	http://dbpedia.org/resource/Walter_Hill
27533	http://dbpedia.org/resource/Category:1990s_coming-of-age_films
27534	http://dbpedia.org/resource/Category:1990s_superhero_films
27535	http://dbpedia.org/resource/Category:American_superhero_films
27536	http://dbpedia.org/resource/Category:American_science_fantasy_films
27537	http://dbpedia.org/resource/Category:Teen_superhero_films
27538	http://dbpedia.org/resource/Category:Films_directed_by_Manny_Coto
27539	http://dbpedia.org/resource/Manny_Coto
27540	http://dbpedia.org/resource/Richard_Gilliland
27541	http://dbpedia.org/resource/Category:1990s_supernatural_films
27542	http://dbpedia.org/resource/Category:American_vampire_films
27543	http://dbpedia.org/resource/Category:Films_about_journalism
27544	http://dbpedia.org/resource/Brian_Keane
27545	http://dbpedia.org/resource/Category:1999_drama_films
27546	http://dbpedia.org/resource/Category:1990s_drama_road_movies
27547	http://dbpedia.org/resource/Category:Films_directed_by_Bob_Gosse
27548	http://dbpedia.org/resource/Rachel_Warden
27549	http://dbpedia.org/resource/David_L._Bushell
27550	http://dbpedia.org/resource/John_Ventimiglia
27551	http://dbpedia.org/resource/Matthew_Weiss
27552	http://dbpedia.org/resource/Julie_Davis
27553	http://dbpedia.org/resource/Marla_Schaffel
27554	http://dbpedia.org/resource/Category:1998_comedy-drama_films
27555	http://dbpedia.org/resource/Category:1998_directorial_debut_films
27556	http://dbpedia.org/resource/Category:1998_independent_films
27557	http://dbpedia.org/resource/Category:Films_with_screenplays_by_Tim_McCanlies
27558	http://dbpedia.org/resource/Category:Films_directed_by_Tim_McCanlies
27559	http://dbpedia.org/resource/Category:Films_scored_by_Steve_Dorff
27560	http://dbpedia.org/resource/Eddie_Mills
27561	http://dbpedia.org/resource/Category:UK_Singles_Chart_number-one_singles
27562	http://dbpedia.org/resource/Category:Decca_Records_singles
27563	http://dbpedia.org/resource/Category:1964_singles
27564	http://dbpedia.org/resource/Category:Paul_McCartney_and_Wings_songs
27565	http://dbpedia.org/resource/Category:Song_recordings_produced_by_Denny_Cordell
27566	http://dbpedia.org/resource/Category:1964_songs
27567	http://dbpedia.org/resource/Category:The_Moody_Blues_songs
27568	http://dbpedia.org/resource/Christopher_Scott_Cherot
27569	http://dbpedia.org/resource/Dana_Offenbach
27570	http://dbpedia.org/resource/Robinne_Lee
27571	http://dbpedia.org/resource/Chenoa_Maxwell
27572	http://dbpedia.org/resource/Category:Chinese_historical_adventure_films
27573	http://dbpedia.org/resource/Category:Films_scored_by_Tan_Dun
27574	http://dbpedia.org/resource/Category:Funimation
27575	http://dbpedia.org/resource/Category:2000s_action_war_films
27576	http://dbpedia.org/resource/Category:Films_set_in_the_Northern_and_Southern_dynasties
27577	http://dbpedia.org/resource/Category:Mulan
27578	http://dbpedia.org/resource/Category:Chinese_historical_romance_films
27579	http://dbpedia.org/resource/Category:Films_directed_by_Jingle_Ma
27580	http://dbpedia.org/resource/Category:Chinese_war_films
27581	http://dbpedia.org/resource/Category:Chinese_historical_action_films
27582	http://dbpedia.org/resource/Tan_Dun
27583	http://dbpedia.org/resource/Peter_Lee_(musician)
27584	http://dbpedia.org/resource/Zhao_Wei
27585	http://dbpedia.org/resource/Chen_Kun
27586	http://dbpedia.org/resource/Hu_Jun
27587	http://dbpedia.org/resource/Vitas
27588	http://dbpedia.org/resource/Nicky_Lee_(singer)
27589	http://dbpedia.org/resource/Category:1966_musical_comedy_films
27590	http://dbpedia.org/resource/Category:American_spy_comedy_films
27591	http://dbpedia.org/resource/Category:1960s_spy_comedy_films
27592	http://dbpedia.org/resource/John_L._Russell_(cinematographer)
27593	http://dbpedia.org/resource/Lennie_Weinrib
27594	http://dbpedia.org/resource/Nick_Venet
27595	http://dbpedia.org/resource/Fred_Darian
27596	http://dbpedia.org/resource/Bart_Patton
27597	http://dbpedia.org/resource/Billy_Curtis
27598	http://dbpedia.org/resource/Robert_Pine
27599	http://dbpedia.org/resource/Karen_Jensen
27600	http://dbpedia.org/resource/Carolyne_Barry
27601	http://dbpedia.org/resource/Deanna_Lund
27602	http://dbpedia.org/resource/Jonathan_Daly
27603	http://dbpedia.org/resource/Maggie_Thrett
27604	http://dbpedia.org/resource/Wende_Wagner
27605	http://dbpedia.org/resource/Norm_Grabowski
27606	http://dbpedia.org/resource/Larry_Hovis
27607	http://dbpedia.org/resource/Category:Films_scored_by_Johnny_Mandel
27608	http://dbpedia.org/resource/Category:1976_comedy_films
27609	http://dbpedia.org/resource/Category:1970s_English-language_films
27610	http://dbpedia.org/resource/Category:1970s_fantasy-comedy_films
27611	http://dbpedia.org/resource/Category:Films_directed_by_Gary_Nelson
27612	http://dbpedia.org/resource/Category:Freaky_Friday
27613	http://dbpedia.org/resource/Category:1970s_children's_comedy_films
27614	http://dbpedia.org/resource/Category:Films_produced_by_Ron_W._Miller
27615	http://dbpedia.org/resource/Gary_Nelson_(director)
27616	http://dbpedia.org/resource/Category:1990s_adventure_drama_films
27617	http://dbpedia.org/resource/Category:Films_based_on_multiple_works_of_a_series
27618	http://dbpedia.org/resource/Category:Films_scored_by_James_Horner
27619	http://dbpedia.org/resource/Category:Films_shot_in_Namibia
27620	http://dbpedia.org/resource/Category:Films_shot_in_Zimbabwe
27621	http://dbpedia.org/resource/Eva_Monley
27622	http://dbpedia.org/resource/Robert_Caswell
27623	http://dbpedia.org/resource/Category:Fictional_portrayals_of_the_Las_Vegas_Metropolitan_Police_Department
27624	http://dbpedia.org/resource/Category:Films_produced_by_Dawn_Steel
27625	http://dbpedia.org/resource/Category:1990s_science_fiction_comedy_films
27626	http://dbpedia.org/resource/Category:American_science_fiction_comedy_films
27627	http://dbpedia.org/resource/Category:1992_comedy_films
27628	http://dbpedia.org/resource/Category:Films_about_giants
27629	http://dbpedia.org/resource/Category:Films_about_size_change
27630	http://dbpedia.org/resource/Category:Films_scored_by_Bruce_Broughton
27631	http://dbpedia.org/resource/Category:Honey,_I_Shrunk_the_Kids_(franchise)_mass_media
27632	http://dbpedia.org/resource/Robert_Oliveri
27633	http://dbpedia.org/resource/Garry_Goodrow
27634	http://dbpedia.org/resource/Category:1980s_children's_comedy_films
27635	http://dbpedia.org/resource/Category:1980s_English-language_films
27636	http://dbpedia.org/resource/Category:1989_comedy_films
27637	http://dbpedia.org/resource/Category:Films_using_stop-motion_animation
27638	http://dbpedia.org/resource/Category:1980s_science_fiction_comedy_films
27639	http://dbpedia.org/resource/Category:Films_set_in_Fresno,_California
27640	http://dbpedia.org/resource/Kristine_Sutherland
27641	http://dbpedia.org/resource/Ed_Naha
27642	http://dbpedia.org/resource/Category:1980_romantic_comedy_films
27643	http://dbpedia.org/resource/Category:Harry_Nilsson
27644	http://dbpedia.org/resource/Category:Films_produced_by_Robert_Evans
27645	http://dbpedia.org/resource/Category:Live-action_films_based_on_comics
27646	http://dbpedia.org/resource/Category:Live-action_films_based_on_animated_series
27647	http://dbpedia.org/resource/Category:Popeye
27648	http://dbpedia.org/resource/Category:Films_with_screenplays_by_Jules_Feiffer
27649	http://dbpedia.org/resource/John_W._Holmes_(film_editor)
27650	http://dbpedia.org/resource/Harry_Nilsson
27651	http://dbpedia.org/resource/Robert_Evans
27652	http://dbpedia.org/resource/Category:1977_comedy_films
27653	http://dbpedia.org/resource/Category:Animated_films_about_mice
27654	http://dbpedia.org/resource/Category:Animated_films_based_on_children's_books
27655	http://dbpedia.org/resource/Category:Films_about_the_United_Nations
27656	http://dbpedia.org/resource/Category:Animated_films_about_orphans
27657	http://dbpedia.org/resource/Category:Films_about_child_abduction
27658	http://dbpedia.org/resource/Category:1977_drama_films
27659	http://dbpedia.org/resource/Category:American_children's_animated_adventure_films
27660	http://dbpedia.org/resource/Category:American_children's_animated_fantasy_films
27661	http://dbpedia.org/resource/Category:Animated_buddy_films
27662	http://dbpedia.org/resource/Category:Animated_coming-of-age_films
27663	http://dbpedia.org/resource/Category:Animated_films_about_birds
27664	http://dbpedia.org/resource/Category:Disney_controversies
27665	http://dbpedia.org/resource/Category:Obscenity_controversies_in_animation
27666	http://dbpedia.org/resource/Category:Walt_Disney_Animation_Studios_films
27667	http://dbpedia.org/resource/Category:1970s_children's_animated_films
27668	http://dbpedia.org/resource/Category:1970s_crime_comedy_films
27669	http://dbpedia.org/resource/Category:1970s_fantasy_adventure_films
27670	http://dbpedia.org/resource/Category:1977_animated_films
27671	http://dbpedia.org/resource/Category:American_children's_animated_drama_films
27672	http://dbpedia.org/resource/Category:Animated_films_about_cats
27673	http://dbpedia.org/resource/Category:Animated_films_about_reptiles_and_amphibians
27674	http://dbpedia.org/resource/Category:Animated_films_set_in_New_York_City
27675	http://dbpedia.org/resource/Category:Films_based_on_works_by_Margery_Sharp
27676	http://dbpedia.org/resource/Category:Films_directed_by_Art_Stevens
27677	http://dbpedia.org/resource/Category:Films_directed_by_John_Lounsbery
27678	http://dbpedia.org/resource/Art_Stevens
27679	http://dbpedia.org/resource/John_Lounsbery
27680	http://dbpedia.org/resource/Artie_Butler
27681	http://dbpedia.org/resource/Category:Canadian_films_based_on_actual_events
27682	http://dbpedia.org/resource/Category:Films_scored_by_Joel_McNeely
27683	http://dbpedia.org/resource/Category:Films_set_in_the_1610s
27684	http://dbpedia.org/resource/Category:Films_set_in_the_1620s
27685	http://dbpedia.org/resource/Category:Films_directed_by_Xavier_Koller
27686	http://dbpedia.org/resource/Robbie_Greenberg
27687	http://dbpedia.org/resource/Xavier_Koller
27688	http://dbpedia.org/resource/Category:Films_scored_by_Patrick_Doyle
27689	http://dbpedia.org/resource/Category:Films_with_screenplays_by_W._D._Richter
27690	http://dbpedia.org/resource/Category:Films_directed_by_Fraser_Clarke_Heston
27691	http://dbpedia.org/resource/Fraser_Clarke_Heston
27692	http://dbpedia.org/resource/Neil_Giuntoli
27693	http://dbpedia.org/resource/Kate_Walsh_(actress)
27694	http://dbpedia.org/resource/Category:1970s_parody_films
27695	http://dbpedia.org/resource/Category:American_natural_horror_films
27696	http://dbpedia.org/resource/Category:Parodies_of_horror
27697	http://dbpedia.org/resource/Category:1978_comedy_films
27698	http://dbpedia.org/resource/Category:Films_about_food_and_drink
27699	http://dbpedia.org/resource/Category:Fruit_and_vegetable_characters
27700	http://dbpedia.org/resource/Category:Attack_of_the_Killer_Tomatoes
27701	http://dbpedia.org/resource/Gordon_Goodwin
27702	http://dbpedia.org/resource/Stephen_Peace
27703	http://dbpedia.org/resource/Costa_Dillon
27704	http://dbpedia.org/resource/Category:1980s_teen_drama_films
27705	http://dbpedia.org/resource/Category:Livingston_County,_Illinois
27706	http://dbpedia.org/resource/Category:Pontiac,_Illinois
27707	http://dbpedia.org/resource/Category:American_coming-of-age_drama_films
27708	http://dbpedia.org/resource/Category:Films_scored_by_Thomas_Newman
27709	http://dbpedia.org/resource/Category:1980s_coming-of-age_drama_films
27710	http://dbpedia.org/resource/Robert_Gordon_(film_editor)
27711	http://dbpedia.org/resource/Peter_W._Rea
27712	http://dbpedia.org/resource/William_Blaylock
27713	http://dbpedia.org/resource/Troy_Donahue
27714	http://dbpedia.org/resource/Category:Films_shot_in_San_Francisco
27715	http://dbpedia.org/resource/Category:1984_comedy-drama_films
27716	http://dbpedia.org/resource/Category:Films_directed_by_Jerry_Schatzberg
27717	http://dbpedia.org/resource/Jerry_Schatzberg
27718	http://dbpedia.org/resource/Melvin_Shapiro
27719	http://dbpedia.org/resource/Rupert_Holmes
27720	http://dbpedia.org/resource/Category:1986_romantic_comedy_films
27721	http://dbpedia.org/resource/Category:Films_about_vacationing
27722	http://dbpedia.org/resource/Category:Films_set_in_Nantucket
27723	http://dbpedia.org/resource/Category:A&M_Films_films
27724	http://dbpedia.org/resource/Category:Films_about_comics
27725	http://dbpedia.org/resource/Category:Films_with_screenplays_by_Savage_Steve_Holland
27726	http://dbpedia.org/resource/Category:Cultural_depictions_of_Louis_XVI
27727	http://dbpedia.org/resource/Category:1981_comedy_films
27728	http://dbpedia.org/resource/Category:Depictions_of_Nero_on_film
27729	http://dbpedia.org/resource/Category:1980s_parody_films
27730	http://dbpedia.org/resource/Category:American_anthology_films
27731	http://dbpedia.org/resource/Category:Films_scored_by_John_Morris
27732	http://dbpedia.org/resource/Category:Films_with_screenplays_by_Mel_Brooks
27733	http://dbpedia.org/resource/Category:Inquisition_in_fiction
27734	http://dbpedia.org/resource/Category:Cultural_depictions_of_Tomás_de_Torquemada
27735	http://dbpedia.org/resource/Category:Films_about_cavemen
27736	http://dbpedia.org/resource/Category:Films_produced_by_Mel_Brooks
27737	http://dbpedia.org/resource/Category:Portrayals_of_Moses_in_film
27738	http://dbpedia.org/resource/John_C._Howard
27739	http://dbpedia.org/resource/Mary-Margaret_Humes
27740	http://dbpedia.org/resource/Ron_Carey_(actor)
27741	http://dbpedia.org/resource/Shecky_Greene
27742	http://dbpedia.org/resource/Category:1980s_Christmas_films
27743	http://dbpedia.org/resource/Category:Films_about_deer_and_moose
27744	http://dbpedia.org/resource/Category:Santa_Claus's_reindeer
27745	http://dbpedia.org/resource/Category:Films_scored_by_Maurice_Jarre
27746	http://dbpedia.org/resource/Category:1980s_fantasy_drama_films
27747	http://dbpedia.org/resource/Category:Alliance_Atlantis_films
27748	http://dbpedia.org/resource/Category:American_fantasy_drama_films
27749	http://dbpedia.org/resource/Category:Films_produced_by_Raffaella_De_Laurentiis
27750	http://dbpedia.org/resource/Category:Canadian_Christmas_films
27751	http://dbpedia.org/resource/Category:Films_directed_by_John_D._Hancock
27752	http://dbpedia.org/resource/Category:1980s_Christmas_drama_films
27753	http://dbpedia.org/resource/Category:Canadian_fantasy_drama_films
27754	http://dbpedia.org/resource/John_D._Hancock
27755	http://dbpedia.org/resource/Rebecca_Harrell_Tickell
27756	http://dbpedia.org/resource/Category:1999_directorial_debut_films
27757	http://dbpedia.org/resource/Category:American_robot_films
27758	http://dbpedia.org/resource/Category:American_survival_films
27759	http://dbpedia.org/resource/Category:Cyborg_films
27760	http://dbpedia.org/resource/Category:Films_produced_by_Gale_Anne_Hurd
27761	http://dbpedia.org/resource/Category:Mutual_Film_Company_films
27762	http://dbpedia.org/resource/Category:Dark_Horse_Entertainment_films
27763	http://dbpedia.org/resource/Category:Films_directed_by_John_Bruno_(special_effects)
27764	http://dbpedia.org/resource/Category:Fictional_Cajuns
27765	http://dbpedia.org/resource/Category:Films_set_in_1859
27766	http://dbpedia.org/resource/Category:American_vigilante_films
27767	http://dbpedia.org/resource/Category:Films_directed_by_Glen_Pitre
27768	http://dbpedia.org/resource/Category:1986_directorial_debut_films
27769	http://dbpedia.org/resource/Category:1986_drama_films
27770	http://dbpedia.org/resource/Glen_Pitre
27771	http://dbpedia.org/resource/Category:1986_comedy_films
27772	http://dbpedia.org/resource/Category:American_Western_(genre)_comedy_films
27773	http://dbpedia.org/resource/Category:Films_scored_by_Elmer_Bernstein
27774	http://dbpedia.org/resource/Category:Films_produced_by_George_Folsey_Jr.
27775	http://dbpedia.org/resource/Category:Films_produced_by_Lorne_Michaels
27776	http://dbpedia.org/resource/Category:1980s_Western_(genre)_comedy_films
27777	http://dbpedia.org/resource/George_Folsey_Jr.
27778	http://dbpedia.org/resource/Patrice_Martinez
27779	http://dbpedia.org/resource/Tony_Plana
27780	http://dbpedia.org/resource/Category:1998_comedy_films
27781	http://dbpedia.org/resource/Category:1999_comedy_films
27782	http://dbpedia.org/resource/Adam_Biggs
27783	http://dbpedia.org/resource/Myles_Berkowitz
27784	http://dbpedia.org/resource/Lisa_Cheek
27785	http://dbpedia.org/resource/Michael_Elliot_(film_editor)
27786	http://dbpedia.org/resource/Steve_Tyrell
27787	http://dbpedia.org/resource/Robert_F._Mann
27788	http://dbpedia.org/resource/Phoenician_Films
27789	http://dbpedia.org/resource/Robert_McKee
27790	http://dbpedia.org/resource/Richard_Arlook
27791	http://dbpedia.org/resource/Elisabeth_Wagner
27792	http://dbpedia.org/resource/Category:1998_romantic_comedy_films
27793	http://dbpedia.org/resource/Category:Films_produced_by_Gary_Lucchesi
27794	http://dbpedia.org/resource/Category:Films_directed_by_Richard_Wenk
27795	http://dbpedia.org/resource/Richard_Wenk
27796	http://dbpedia.org/resource/Category:British_gangster_films
27797	http://dbpedia.org/resource/Category:Films_adapted_into_television_shows
27798	http://dbpedia.org/resource/Category:HandMade_Films_films
27799	http://dbpedia.org/resource/Category:British_crime_comedy_films
27800	http://dbpedia.org/resource/Category:British_neo-noir_films
27801	http://dbpedia.org/resource/Category:Hyperlink_films
27802	http://dbpedia.org/resource/Category:Films_scored_by_John_Murphy_(composer)
27803	http://dbpedia.org/resource/Category:British_heist_films
27804	http://dbpedia.org/resource/Category:1990s_comedy_thriller_films
27805	http://dbpedia.org/resource/Category:British_comedy_thriller_films
27806	http://dbpedia.org/resource/Category:British_films_about_cannabis
27807	http://dbpedia.org/resource/Category:Films_directed_by_Guy_Ritchie
27808	http://dbpedia.org/resource/Category:Films_produced_by_Matthew_Vaughn
27809	http://dbpedia.org/resource/Category:Films_with_screenplays_by_Guy_Ritchie
27810	http://dbpedia.org/resource/Guy_Ritchie
27811	http://dbpedia.org/resource/David_Hughes_(musician)
27812	http://dbpedia.org/resource/Matthew_Vaughn
27813	http://dbpedia.org/resource/Vinnie_Jones
27814	http://dbpedia.org/resource/Jason_Statham
27815	http://dbpedia.org/resource/Nick_Moran
27816	http://dbpedia.org/resource/Dexter_Fletcher
27817	http://dbpedia.org/resource/Steven_Mackintosh
27818	http://dbpedia.org/resource/Category:Films_scored_by_Ron_Goodwin
27819	http://dbpedia.org/resource/Category:British_sequel_films
27820	http://dbpedia.org/resource/Category:British_black-and-white_films
27821	http://dbpedia.org/resource/Category:1960s_horror_thriller_films
27822	http://dbpedia.org/resource/Category:British_science_fiction_horror_films
27823	http://dbpedia.org/resource/Category:Films_with_screenplays_by_John_Briley
27824	http://dbpedia.org/resource/Anton_Leader
27825	http://dbpedia.org/resource/Alan_Badel
27826	http://dbpedia.org/resource/Alfred_Burke
27827	http://dbpedia.org/resource/Barbara_Ferris
27828	http://dbpedia.org/resource/Category:Films_about_musical_groups
27829	http://dbpedia.org/resource/Category:Films_directed_by_Katja_von_Garnier
27830	http://dbpedia.org/resource/Katja_von_Garnier
27831	http://dbpedia.org/resource/Category:Documentary_films_about_San_Francisco
27832	http://dbpedia.org/resource/Category:POV_(TV_series)_films
27833	http://dbpedia.org/resource/Category:2005_documentary_films
27834	http://dbpedia.org/resource/Ralph_Arlyck
27835	http://dbpedia.org/resource/Category:Special_Jury_Award_(feature_film)_National_Film_Award_winners
27836	http://dbpedia.org/resource/Category:2000s_Hindi-language_films
27837	http://dbpedia.org/resource/Category:Films_about_Mahatma_Gandhi
27838	http://dbpedia.org/resource/Category:Films_featuring_a_Best_Supporting_Actor_National_Film_Award-winning_performance
27839	http://dbpedia.org/resource/Category:Films_whose_writer_won_the_Best_Original_Screenplay_National_Film_Award
27840	http://dbpedia.org/resource/Feroz_Abbas_Khan
27841	http://dbpedia.org/resource/A._Sreekar_Prasad
27842	http://dbpedia.org/resource/Gujarati_language
27843	http://dbpedia.org/resource/Anil_Kapoor
27844	http://dbpedia.org/resource/Bhumika_Chawla
27845	http://dbpedia.org/resource/Akshaye_Khanna
27846	http://dbpedia.org/resource/Shefali_Shah
27847	http://dbpedia.org/resource/Darshan_Jariwala
27848	http://dbpedia.org/resource/Category:Documentary_films_about_sports
27849	http://dbpedia.org/resource/Category:1999_documentary_films
27850	http://dbpedia.org/resource/Category:Films_scored_by_John_Powell
27851	http://dbpedia.org/resource/Category:American_docudrama_films
27852	http://dbpedia.org/resource/Category:Cultural_depictions_of_track_and_field_athletes
27853	http://dbpedia.org/resource/Category:Athletics_films
27854	http://dbpedia.org/resource/Category:Cultural_depictions_of_Ethiopian_people
27855	http://dbpedia.org/resource/Category:British_docudrama_films
27856	http://dbpedia.org/resource/Ivan_Strasburg
27857	http://dbpedia.org/resource/Bud_Greenspan
27858	http://dbpedia.org/resource/Leslie_Woodhead
27859	http://dbpedia.org/resource/Max_Palevsky
27860	http://dbpedia.org/resource/Haile_Gebrselassie
27861	http://dbpedia.org/resource/Category:American_short_films
27862	http://dbpedia.org/resource/Category:1958_comedy_films
27863	http://dbpedia.org/resource/Category:1950s_science_fiction_comedy_films
27864	http://dbpedia.org/resource/Category:Films_directed_by_Jules_White
27865	http://dbpedia.org/resource/Joe_Besser
27866	http://dbpedia.org/resource/Diana_Darrin
27867	http://dbpedia.org/resource/Emil_Sitka
27868	http://dbpedia.org/resource/Harriette_Tarler
27869	http://dbpedia.org/resource/Joe_Palma
27870	http://dbpedia.org/resource/Jack_White_(film_producer)
27871	http://dbpedia.org/resource/Category:Novels_about_submarine_warfare
27872	http://dbpedia.org/resource/Category:1955_American_novels
27873	http://dbpedia.org/resource/Category:American_war_novels
27874	http://dbpedia.org/resource/Category:Edward_L._Beach_Jr.
27875	http://dbpedia.org/resource/Category:Films_produced_by_Andrea_Sperling
27876	http://dbpedia.org/resource/Enrique_Chediak
27877	http://dbpedia.org/resource/Vytas
27878	http://dbpedia.org/resource/Effie_T._Brown
27879	http://dbpedia.org/resource/Category:Films_directed_by_Tanya_Wexler
27880	http://dbpedia.org/resource/Category:1998_LGBT-related_films
27881	http://dbpedia.org/resource/Tanya_Wexler
27882	http://dbpedia.org/resource/List_of_Survivor_(American_TV_series)_contestants
27883	http://dbpedia.org/resource/Category:Films_scored_by_Howard_Blake
27884	http://dbpedia.org/resource/Category:Films_produced_by_David_Puttnam
27885	http://dbpedia.org/resource/Denis_Forman
27886	http://dbpedia.org/resource/Category:LGBT-related_romantic_comedy_films
27887	http://dbpedia.org/resource/Category:Transgender-related_films
27888	http://dbpedia.org/resource/Category:Films_directed_by_Dan_Ireland
27889	http://dbpedia.org/resource/James_Still_(playwright)
27890	http://dbpedia.org/resource/Category:Films_directed_by_Michael_Polish
27891	http://dbpedia.org/resource/Category:Films_about_twin_brothers
27892	http://dbpedia.org/resource/Category:Fictional_conjoined_twins
27893	http://dbpedia.org/resource/M._David_Mullen
27894	http://dbpedia.org/resource/Polish_brothers
27895	http://dbpedia.org/resource/Stuart_Matthewman
27896	http://dbpedia.org/resource/Jon_Gries
27897	http://dbpedia.org/resource/Garrett_Morris
27898	http://dbpedia.org/resource/Michele_Hicks
27899	http://dbpedia.org/resource/Category:Feminine_given_names
27900	http://dbpedia.org/resource/Category:Films_directed_by_John_Turturro
27901	http://dbpedia.org/resource/William_Bolcom
27902	http://dbpedia.org/resource/Arnold_Black
27903	http://dbpedia.org/resource/Category:1991_independent_films
27904	http://dbpedia.org/resource/Category:1991_comedy-drama_films
27905	http://dbpedia.org/resource/Joe_Jackson_(musician)
27906	http://dbpedia.org/resource/Ken_Olin
27907	http://dbpedia.org/resource/Category:1990s_romantic_comedy-drama_films
27908	http://dbpedia.org/resource/Category:American_romantic_comedy-drama_films
27909	http://dbpedia.org/resource/Category:Films_scored_by_James_Newton_Howard
27910	http://dbpedia.org/resource/Ericson_Core
27911	http://dbpedia.org/resource/Category:Films_scored_by_Brian_Tyler
27912	http://dbpedia.org/resource/Kevin_Alyn_Elders
27913	http://dbpedia.org/resource/Brian_Tyler
27914	http://dbpedia.org/resource/Moshe_Diamant
27915	http://dbpedia.org/resource/Ricky_Harris
27916	http://dbpedia.org/resource/John_Pinette
27917	http://dbpedia.org/resource/Dane_Cook
27918	http://dbpedia.org/resource/Filip_Nikolic
27919	http://dbpedia.org/resource/Category:American_sports_comedy-drama_films
27920	http://dbpedia.org/resource/Category:Films_scored_by_Carter_Burwell
27921	http://dbpedia.org/resource/Category:1990s_sports_comedy-drama_films
27922	http://dbpedia.org/resource/Category:New_York_Rangers
27923	http://dbpedia.org/resource/Category:Northern_(genre)_films
27924	http://dbpedia.org/resource/Category:American_ice_hockey_films
27925	http://dbpedia.org/resource/Bruce_Douglas_Johnson
27926	http://dbpedia.org/resource/Mark_Illsley
27927	http://dbpedia.org/resource/Norman_Buckley
27928	http://dbpedia.org/resource/Peter_Harris_(composer)
27929	http://dbpedia.org/resource/Edward_C._Stone
27930	http://dbpedia.org/resource/Rick_Montgomery
27931	http://dbpedia.org/resource/Phil_Reeves
27932	http://dbpedia.org/resource/Category:Italian_television_films
27933	http://dbpedia.org/resource/Category:Films_directed_by_Alan_Bridges
27934	http://dbpedia.org/resource/Category:1974_television_films
27935	http://dbpedia.org/resource/Alan_Bridges
27936	http://dbpedia.org/resource/Jack_Hedley
27937	http://dbpedia.org/resource/Rosemary_Leach
27938	http://dbpedia.org/resource/Category:Films_based_on_autobiographies
27939	http://dbpedia.org/resource/Category:British_association_football_films
27940	http://dbpedia.org/resource/Category:Films_about_fandom
27941	http://dbpedia.org/resource/Category:Films_à_clef
27942	http://dbpedia.org/resource/Category:Arsenal_F.C.
27943	http://dbpedia.org/resource/Category:Films_with_screenplays_by_Nick_Hornby
27944	http://dbpedia.org/resource/Amanda_Posey
27945	http://dbpedia.org/resource/Mark_Strong
27946	http://dbpedia.org/resource/Neil_Pearson
27947	http://dbpedia.org/resource/Ruth_Gemmell
27948	http://dbpedia.org/resource/Lorraine_Ashbourne
27949	http://dbpedia.org/resource/Nick_Hornby
27950	http://dbpedia.org/resource/Category:Films_directed_by_Frank_Whaley
27951	http://dbpedia.org/resource/Noah_Fleiss
27952	http://dbpedia.org/resource/Category:Films_produced_by_Debra_Hill
27953	http://dbpedia.org/resource/Category:Films_shot_in_New_Orleans
27954	http://dbpedia.org/resource/Category:Poisoning_in_film
27955	http://dbpedia.org/resource/Category:Civil_rights_movement_in_film
27956	http://dbpedia.org/resource/Category:Films_directed_by_Antonio_Banderas
27957	http://dbpedia.org/resource/Julio_Macat
27958	http://dbpedia.org/resource/David_Morse
27959	http://dbpedia.org/resource/John_Beasley_(actor)
27960	http://dbpedia.org/resource/Sandra_Seacat
27961	http://dbpedia.org/resource/Mark_Childress
27962	http://dbpedia.org/resource/Category:Documentary_films_about_United_States_history
27963	http://dbpedia.org/resource/Category:Dimension_Pictures_films
27964	http://dbpedia.org/resource/Category:1975_documentary_films
27965	http://dbpedia.org/resource/Sanford_Lieberson
27966	http://dbpedia.org/resource/Franklin_D._Roosevelt
27967	http://dbpedia.org/resource/Eleanor_Roosevelt
27968	http://dbpedia.org/resource/Shirley_Temple
27969	http://dbpedia.org/resource/Category:Films_scored_by_Dominic_Frontiere
27970	http://dbpedia.org/resource/Category:Motorcycle_racing_films
27971	http://dbpedia.org/resource/Category:1971_documentary_films
27972	http://dbpedia.org/resource/Robert_E._Collins
27973	http://dbpedia.org/resource/Mert_Lawwill
27974	http://dbpedia.org/resource/Malcolm_Smith_(motorcyclist)
27975	http://dbpedia.org/resource/Category:French_war_comedy-drama_films
27976	http://dbpedia.org/resource/Category:Films_directed_by_Radu_Mihăileanu
27977	http://dbpedia.org/resource/Category:1998_drama_films
27978	http://dbpedia.org/resource/Category:1990s_war_comedy-drama_films
27979	http://dbpedia.org/resource/Category:Films_scored_by_Goran_Bregović
27980	http://dbpedia.org/resource/Category:Films_about_refugees
27981	http://dbpedia.org/resource/Category:Romani_films
27982	http://dbpedia.org/resource/Romania
27983	http://dbpedia.org/resource/Radu_Mihăileanu
27984	http://dbpedia.org/resource/Agathe_de_La_Fontaine
27985	http://dbpedia.org/resource/Lionel_Abelanski
27986	http://dbpedia.org/resource/Rufus_(actor)
27987	http://dbpedia.org/resource/Category:Films_with_screenplays_by_James_Poe
27988	http://dbpedia.org/resource/Category:Cinerama_Releasing_Corporation_films
27989	http://dbpedia.org/resource/Category:Murder_in_films
27990	http://dbpedia.org/resource/Category:American_psychological_drama_films
27991	http://dbpedia.org/resource/Category:Films_about_Hollywood
27992	http://dbpedia.org/resource/Category:1969_drama_films
27993	http://dbpedia.org/resource/Category:ABC_Motion_Pictures_films
27994	http://dbpedia.org/resource/Category:Films_featuring_a_Best_Supporting_Actor_Academy_Award-winning_performance
27995	http://dbpedia.org/resource/Category:Films_produced_by_Irwin_Winkler
27996	http://dbpedia.org/resource/Category:Films_produced_by_Robert_Chartoff
27997	http://dbpedia.org/resource/Category:1960s_psychological_drama_films
27998	http://dbpedia.org/resource/Category:1960s_dance_films
27999	http://dbpedia.org/resource/Category:1969_independent_films
28000	http://dbpedia.org/resource/Category:Films_scored_by_Johnny_Green
28001	http://dbpedia.org/resource/Category:Films_set_in_Santa_Monica,_California
28002	http://dbpedia.org/resource/Category:Publicity_stunts_in_fiction
28003	http://dbpedia.org/resource/Gig_Young
28004	http://dbpedia.org/resource/Michael_Sarrazin
28005	http://dbpedia.org/resource/Robert_E._Thompson_(screenwriter)
28006	http://dbpedia.org/resource/Category:Films_scored_by_Don_Costa
28007	http://dbpedia.org/resource/Category:Films_directed_by_Arnold_Laven
28008	http://dbpedia.org/resource/Category:1967_Western_(genre)_films
28009	http://dbpedia.org/resource/Arnold_Laven
28010	http://dbpedia.org/resource/Don_Costa
28011	http://dbpedia.org/resource/Martin_Rackin
28012	http://dbpedia.org/resource/Marvin_Albert
28013	http://dbpedia.org/resource/Sydney_Boehm
28014	http://dbpedia.org/resource/Category:1980s_sex_comedy_films
28015	http://dbpedia.org/resource/Category:Films_about_the_afterlife
28016	http://dbpedia.org/resource/Category:Canadian_sex_comedy_films
28017	http://dbpedia.org/resource/Category:Films_scored_by_Paul_Zaza
28018	http://dbpedia.org/resource/Category:Films_produced_by_Don_Carmody
28019	http://dbpedia.org/resource/Category:Teen_sex_comedy_films
28020	http://dbpedia.org/resource/Category:Films_produced_by_John_Dunning
28021	http://dbpedia.org/resource/George_Mendeluk
28022	http://dbpedia.org/resource/Debra_Karen
28023	http://dbpedia.org/resource/John_Dunning_(film_producer)
28024	http://dbpedia.org/resource/Isabelle_Mejias
28025	http://dbpedia.org/resource/Category:1974_drama_films
28026	http://dbpedia.org/resource/Category:Films_directed_by_André_Cayatte
28027	http://dbpedia.org/resource/André_Cayatte
28028	http://dbpedia.org/resource/Jean_Gabin
28029	http://dbpedia.org/resource/Julien_Bertheau
28030	http://dbpedia.org/resource/Paul_Andréota
28031	http://dbpedia.org/resource/Category:Films_scored_by_David_Shire
28032	http://dbpedia.org/resource/Category:Films_about_conversations
28033	http://dbpedia.org/resource/Category:Films_directed_by_Tom_Moore
28034	http://dbpedia.org/resource/Tom_Moore_(director)
28035	http://dbpedia.org/resource/Marsha_Norman
28036	http://dbpedia.org/resource/Category:Cultural_depictions_of_James_Dean
28037	http://dbpedia.org/resource/Category:German_documentary_films
28038	http://dbpedia.org/resource/Category:Films_about_sexual_harassment
28039	http://dbpedia.org/resource/Category:Documentary_films_about_violence_against_women
28040	http://dbpedia.org/resource/Category:1998_documentary_films
28041	http://dbpedia.org/resource/Maggie_Hadleigh-West
28042	http://dbpedia.org/resource/Hank_Levine
28043	http://dbpedia.org/resource/Category:Lionsgate_films
28044	http://dbpedia.org/resource/Category:Documentary_films_about_the_Holocaust
28045	http://dbpedia.org/resource/Category:Documentary_films_about_capital_punishment_in_the_United_States
28046	http://dbpedia.org/resource/Category:Films_about_Holocaust_denial
28047	http://dbpedia.org/resource/Fred_A._Leuchter
28048	http://dbpedia.org/resource/Category:Films_about_Catholicism
28049	http://dbpedia.org/resource/Category:Films_produced_by_Steven_Haft
28050	http://dbpedia.org/resource/Category:Films_produced_by_Elie_Samaha
28051	http://dbpedia.org/resource/Category:Franchise_Pictures_films
28052	http://dbpedia.org/resource/Category:Films_scored_by_Jan_A._P._Kaczmarek
28053	http://dbpedia.org/resource/Jerzy_Zieliński_(cinematographer)
28054	http://dbpedia.org/resource/Charles_Haid
28055	http://dbpedia.org/resource/John_Romano_(writer)
28056	http://dbpedia.org/resource/Richard_Vetere
28057	http://dbpedia.org/resource/Category:Films_produced_by_Douglas_Wick
28058	http://dbpedia.org/resource/Category:3_Arts_Entertainment_films
28059	http://dbpedia.org/resource/Category:Films_scored_by_Mychael_Danna
28060	http://dbpedia.org/resource/Category:1990s_biographical_drama_films
28061	http://dbpedia.org/resource/Category:Psychopathy_in_fiction
28062	http://dbpedia.org/resource/Category:1990s_coming-of-age_drama_films
28063	http://dbpedia.org/resource/Category:1990s_psychological_drama_films
28064	http://dbpedia.org/resource/Category:Films_based_on_memoirs
28065	http://dbpedia.org/resource/Category:Self-harm_in_films
28066	http://dbpedia.org/resource/Category:Films_with_screenplays_by_James_Mangold
28067	http://dbpedia.org/resource/Category:Suicide_in_film
28068	http://dbpedia.org/resource/Category:Mental_health_in_the_United_States
28069	http://dbpedia.org/resource/Category:Coming-of-age_films_based_on_actual_events
28070	http://dbpedia.org/resource/Elisabeth_Moss
28071	http://dbpedia.org/resource/Lisa_Loomer
28072	http://dbpedia.org/resource/Anna_Hamilton_Phelan
28073	http://dbpedia.org/resource/Category:Films_directed_by_Madhur_Jaffrey
28074	http://dbpedia.org/resource/Category:Films_directed_by_Ismail_Merchant
28075	http://dbpedia.org/resource/John_David_Allen
28076	http://dbpedia.org/resource/Richard_Hawley
28077	http://dbpedia.org/resource/Gil_Donaldson
28078	http://dbpedia.org/resource/Nayeem_Hafizka
28079	http://dbpedia.org/resource/Paul_Bradley_(producer)
28080	http://dbpedia.org/resource/Joanna_David
28081	http://dbpedia.org/resource/Sarah_Badel
28082	http://dbpedia.org/resource/Sakina_Jaffrey
28083	http://dbpedia.org/resource/Nadira_(actress)
28084	http://dbpedia.org/resource/Neena_Gupta
28085	http://dbpedia.org/resource/Surekha_Sikri
28086	http://dbpedia.org/resource/Laura_Lumley
28087	http://dbpedia.org/resource/Alexandra_Viets
28088	http://dbpedia.org/resource/Category:1990s_high_school_films
28089	http://dbpedia.org/resource/Category:1996_in_American_television
28090	http://dbpedia.org/resource/Category:Films_set_in_Chicago
28091	http://dbpedia.org/resource/Category:Films_shot_in_Chicago
28092	http://dbpedia.org/resource/Category:Films_about_teacher–student_relationships
28093	http://dbpedia.org/resource/Category:Biographical_films_about_educators
28094	http://dbpedia.org/resource/Category:Cultural_depictions_of_British_men
28095	http://dbpedia.org/resource/Christian_Payton
28096	http://dbpedia.org/resource/Dana_Eskelson
28097	http://dbpedia.org/resource/Category:1983_comedy_films
28098	http://dbpedia.org/resource/Webster_Lewis
28099	http://dbpedia.org/resource/Caren_Kaye
28100	http://dbpedia.org/resource/Arlene_Golonka
28101	http://dbpedia.org/resource/Clark_Brandon
28102	http://dbpedia.org/resource/Matt_Lattanzi
28103	http://dbpedia.org/resource/Jewel_Shepard
28104	http://dbpedia.org/resource/Category:1960s_adventure_drama_films
28105	http://dbpedia.org/resource/Category:1967_drama_films
28106	http://dbpedia.org/resource/Category:Fictional_mountain_lions
28107	http://dbpedia.org/resource/Franklyn_Marks
28108	http://dbpedia.org/resource/Charles_L._Draper
28109	http://dbpedia.org/resource/Brian_Russell_(actor)
28110	http://dbpedia.org/resource/Category:Films_shot_in_San_Antonio
28111	http://dbpedia.org/resource/Category:Films_scored_by_Howard_Shore
28112	http://dbpedia.org/resource/Category:Films_with_screenplays_by_Robert_Benton
28113	http://dbpedia.org/resource/Category:Films_set_in_Austin,_Texas
28114	http://dbpedia.org/resource/Category:1970_comedy_films
28115	http://dbpedia.org/resource/Category:1970_directorial_debut_films
28116	http://dbpedia.org/resource/Category:1970s_black_comedy_films
28117	http://dbpedia.org/resource/Category:Films_directed_by_Harold_Prince
28118	http://dbpedia.org/resource/Category:1970_drama_films
28119	http://dbpedia.org/resource/Category:1970_LGBT-related_films
28120	http://dbpedia.org/resource/Heidelinde_Weis
28121	http://dbpedia.org/resource/Jane_Carr
28122	http://dbpedia.org/resource/Hugh_Wheeler
28123	http://dbpedia.org/resource/Category:Films_scored_by_Alex_North
28124	http://dbpedia.org/resource/Category:1980s_war_comedy_films
28125	http://dbpedia.org/resource/Category:American_Forces_Network
28126	http://dbpedia.org/resource/Category:American_war_comedy_films
28127	http://dbpedia.org/resource/Category:Films_about_the_United_States_Air_Force
28128	http://dbpedia.org/resource/Category:Films_set_in_Saigon
28129	http://dbpedia.org/resource/Larry_Brezner
28130	http://dbpedia.org/resource/Mitch_Markowitz
28131	http://dbpedia.org/resource/Category:1950s_monster_movies
28132	http://dbpedia.org/resource/Category:1958_horror_films
28133	http://dbpedia.org/resource/Category:Films_about_lizards
28134	http://dbpedia.org/resource/Robert_Clarke
28135	http://dbpedia.org/resource/Frontier_Circus
28136	http://dbpedia.org/resource/Category:1950s_fantasy-comedy_films
28137	http://dbpedia.org/resource/Category:1950s_supernatural_films
28138	http://dbpedia.org/resource/Category:Supernatural_romantic_films
28139	http://dbpedia.org/resource/Category:Supernatural_comedy_films
28140	http://dbpedia.org/resource/Category:Films_scored_by_George_Duning
28141	http://dbpedia.org/resource/Category:Films_about_witchcraft
28142	http://dbpedia.org/resource/Category:1950s_romantic_fantasy_films
28143	http://dbpedia.org/resource/Category:American_supernatural_films
28144	http://dbpedia.org/resource/Category:1958_romantic_comedy_films
28145	http://dbpedia.org/resource/Julian_Blaustein
28146	http://dbpedia.org/resource/Ernie_Kovacs
28147	http://dbpedia.org/resource/Category:Psycho-biddy_films
28148	http://dbpedia.org/resource/Category:American_thriller_drama_films
28149	http://dbpedia.org/resource/Category:1960s_psychological_thriller_films
28150	http://dbpedia.org/resource/Category:1962_drama_films
28151	http://dbpedia.org/resource/Category:Films_about_paraplegics_or_quadriplegics
28152	http://dbpedia.org/resource/Category:Films_based_on_American_thriller_novels
28153	http://dbpedia.org/resource/Category:Films_scored_by_Frank_De_Vol
28154	http://dbpedia.org/resource/Category:1960s_thriller_drama_films
28155	http://dbpedia.org/resource/Category:American_psychological_films
28156	http://dbpedia.org/resource/Don_Handfield
28157	http://dbpedia.org/resource/Daniel_Chilson
28158	http://dbpedia.org/resource/Category:British_novellas
28159	http://dbpedia.org/resource/Category:British_novels_adapted_into_films
28160	http://dbpedia.org/resource/Category:Novels_set_in_Italy
28161	http://dbpedia.org/resource/Category:1941_British_novels
28162	http://dbpedia.org/resource/Category:Doubleday,_Doran_books
28163	http://dbpedia.org/resource/Category:Novels_by_W._Somerset_Maugham
28164	http://dbpedia.org/resource/Category:Films_produced_by_Neal_H._Moritz
28165	http://dbpedia.org/resource/Category:Original_Film_films
28166	http://dbpedia.org/resource/Category:Films_about_robbery
28167	http://dbpedia.org/resource/Category:Films_scored_by_Robert_Folk
28168	http://dbpedia.org/resource/Jeff_Eastin
28169	http://dbpedia.org/resource/Category:Electronic_dance_music
28170	http://dbpedia.org/resource/Category:Documentary_films_about_electronic_music_and_musicians
28171	http://dbpedia.org/resource/Jon_Reiss
28172	http://dbpedia.org/resource/Cleopatra_Records
28173	http://dbpedia.org/resource/Moby
28174	http://dbpedia.org/resource/Category:1983_directorial_debut_films
28175	http://dbpedia.org/resource/Category:Films_scored_by_Laurence_Rosenthal
28176	http://dbpedia.org/resource/Category:Films_directed_by_James_Signorelli
28177	http://dbpedia.org/resource/James_Signorelli
28178	http://dbpedia.org/resource/Candice_Azzara
28179	http://dbpedia.org/resource/P._J._O'Rourke
28180	http://dbpedia.org/resource/Dennis_Blair_(comedian)
28181	http://dbpedia.org/resource/Category:1970s_exploitation_films
28182	http://dbpedia.org/resource/Category:Canadian_war_films
28183	http://dbpedia.org/resource/Category:Fictional_Nazis
28184	http://dbpedia.org/resource/Category:Female_characters_in_film
28185	http://dbpedia.org/resource/Category:Films_shot_in_Los_Angeles_County,_California
28186	http://dbpedia.org/resource/Category:1975_horror_films
28187	http://dbpedia.org/resource/Category:Nazi_exploitation_films
28188	http://dbpedia.org/resource/Category:Canadian_splatter_films
28189	http://dbpedia.org/resource/Dyanne_Thorne
28190	http://dbpedia.org/resource/Category:1990s_musical_drama_films
28191	http://dbpedia.org/resource/Category:Films_directed_by_Gary_Winick
28192	http://dbpedia.org/resource/Category:Films_about_Tourette_syndrome
28193	http://dbpedia.org/resource/Gary_Winick
28194	http://dbpedia.org/resource/Michael_Wolff_(musician)
28195	http://dbpedia.org/resource/Chris_Marquette
28196	http://dbpedia.org/resource/Category:1950s_LGBT-related_films
28197	http://dbpedia.org/resource/Category:1959_drama_films
28198	http://dbpedia.org/resource/Category:Films_featuring_a_Best_Drama_Actress_Golden_Globe-winning_performance
28199	http://dbpedia.org/resource/Category:Films_produced_by_Sam_Spiegel
28200	http://dbpedia.org/resource/Category:Films_set_in_New_Orleans
28201	http://dbpedia.org/resource/Category:Films_with_screenplays_by_Gore_Vidal
28202	http://dbpedia.org/resource/Category:Films_based_on_works_by_Tennessee_Williams
28203	http://dbpedia.org/resource/Buxton_Orr
28204	http://dbpedia.org/resource/Category:1990s_coming-of-age_comedy-drama_films
28205	http://dbpedia.org/resource/Category:American_coming-of-age_comedy-drama_films
28206	http://dbpedia.org/resource/Category:African-American_comedy-drama_films
28207	http://dbpedia.org/resource/Category:Asian-American_comedy-drama_films
28208	http://dbpedia.org/resource/Chi_Muoi_Lo
28209	http://dbpedia.org/resource/Sanaa_Lathan
28210	http://dbpedia.org/resource/Category:American_rape_and_revenge_films
28211	http://dbpedia.org/resource/Category:Films_scored_by_Michael_Brook
28212	http://dbpedia.org/resource/Category:Films_about_murderers
28213	http://dbpedia.org/resource/Category:2000_crime_drama_films
28214	http://dbpedia.org/resource/Category:2000_drama_films
28215	http://dbpedia.org/resource/Category:Killer_Films_films
28216	http://dbpedia.org/resource/Category:Films_based_on_Crime_and_Punishment
28217	http://dbpedia.org/resource/Monica_Keena
28218	http://dbpedia.org/resource/Conchata_Ferrell
28219	http://dbpedia.org/resource/Category:Cannes_Grand_Prix_winners
28220	http://dbpedia.org/resource/Category:Cultural_depictions_of_Mikhail_Gorbachev
28221	http://dbpedia.org/resource/Category:Films_scored_by_Laurent_Petitgand
28222	http://dbpedia.org/resource/Category:German_sequel_films
28223	http://dbpedia.org/resource/Laurie_Anderson
28224	http://dbpedia.org/resource/Nick_Cave
28225	http://dbpedia.org/resource/Laurent_Petitgand
28226	http://dbpedia.org/resource/Bruno_Ganz
28227	http://dbpedia.org/resource/Heinz_Rühmann
28228	http://dbpedia.org/resource/Otto_Sander
28229	http://dbpedia.org/resource/Richard_Reitinger
